<?xml version="1.0" encoding="UTF-8"?>
<project-private xmlns="http://www.netbeans.org/ns/project-private/1">
    <editor-bookmarks xmlns="http://www.netbeans.org/ns/editor-bookmarks/2" lastBookmarkId="0"/>
    <open-files xmlns="http://www.netbeans.org/ns/projectui-open-files/2">
        <group>
            <file>file:/E:/lingII/workspaces/prjBanco/src/br/edu/qi/model/Conta.java</file>
            <file>file:/E:/lingII/workspaces/prjBanco/src/br/edu/qi/model/Correntista.java</file>
            <file>file:/E:/lingII/workspaces/prjBanco/src/br/edu/qi/model/Cheque.java</file>
            <file>file:/E:/lingII/workspaces/prjBanco/src/br/edu/qi/model/ContaCorrente.java</file>
        </group>
    </open-files>
</project-private>
